<?xml version="1.0" encoding="utf-8"?><!DOCTYPE nta PUBLIC '-//Uppaal Team//DTD Flat System 1.1//EN' 'http://www.it.uu.se/research/group/darts/uppaal/flat-1_1.dtd'><nta><declaration>// Place global declarations here.
clock x;
bool eyedetected;
int cl=0;
chan eyedetect, eyenotdetect;</declaration><template><name x="5" y="5">eyedetection</name><declaration>// Place local declarations here.
</declaration><location id="id0" x="424" y="-24" color="#000000"><name x="414" y="-54">Alert_state</name></location><location id="id1" x="264" y="-128"><name x="254" y="-158">Close_state</name></location><location id="id2" x="-88" y="104"><name x="-104" y="112">Open_state</name></location><location id="id3" x="-88" y="-136"><name x="-96" y="-176">eyes_Detected</name></location><location id="id4" x="-336" y="-32" color="#000000"><name x="-346" y="-62">Idle</name></location><init ref="id4"/><transition><source ref="id2"/><target ref="id2"/><label kind="assignment" x="-136" y="184">eyedetected=false</label><nail x="-112" y="184"/><nail x="-56" y="176"/></transition><transition><source ref="id2"/><target ref="id2"/><label kind="assignment" x="-48" y="144">eyedetected=true</label><nail x="0" y="112"/><nail x="-8" y="152"/></transition><transition><source ref="id3"/><target ref="id3"/><label kind="assignment" x="-144" y="-224">eyedetected=false</label><nail x="-128" y="-200"/><nail x="-32" y="-200"/></transition><transition><source ref="id3"/><target ref="id3"/><label kind="assignment" x="-224" y="-144">eyedetected=true</label><nail x="-168" y="-136"/><nail x="-168" y="-192"/></transition><transition><source ref="id2"/><target ref="id3"/><label kind="guard" x="-264" y="-64">x&gt;50&amp;&amp;(eyedetected == true)</label><label kind="assignment" x="-248" y="-40">x:=0,cl=0</label><nail x="-232" y="-8"/></transition><transition><source ref="id2"/><target ref="id2"/><label kind="guard" x="-240" y="120">(x&gt;=0&amp;&amp;x&lt;50)&amp;&amp;
(eyedetected == true)</label><nail x="-192" y="88"/><nail x="-136" y="136"/></transition><transition><source ref="id1"/><target ref="id1"/><label kind="assignment" x="216" y="-24">eyedetected = false</label><nail x="312" y="-24"/><nail x="240" y="-24"/></transition><transition><source ref="id1"/><target ref="id1"/><label kind="assignment" x="376" y="-168">eyedetected = true</label><nail x="288" y="-136"/><nail x="432" y="-192"/><nail x="440" y="-128"/></transition><transition><source ref="id1"/><target ref="id2"/><label kind="guard" x="-32" y="-16">(x&gt;=0&amp;&amp;x&lt;50)&amp;&amp;
(eyedetected == true)</label><nail x="32" y="24"/></transition><transition><source ref="id3"/><target ref="id1"/><label kind="guard" x="32" y="-168">(x&gt;=0&amp;&amp;x&lt;50)&amp;&amp;
(eyedetected == false)</label><label kind="assignment" x="80" y="-136">cl++</label><nail x="72" y="-128"/></transition><transition><source ref="id4"/><target ref="id4"/><label kind="assignment" x="-456" y="120">eyedetected=false</label><nail x="-456" y="56"/><nail x="-360" y="112"/></transition><transition><source ref="id4"/><target ref="id4"/><label kind="assignment" x="-456" y="-160">eyedetected=true</label><nail x="-456" y="-56"/><nail x="-392" y="-136"/></transition><transition><source ref="id1"/><target ref="id3"/><label kind="guard" x="56" y="-56">x&gt;50</label><label kind="assignment" x="-8" y="-72">cl:=0,x:=0</label><nail x="-24" y="-32"/></transition><transition><source ref="id1"/><target ref="id1"/><label kind="guard" x="256" y="-224">x&gt;=0&amp;&amp;x&lt;50</label><label kind="assignment" x="296" y="-208">cl++</label><nail x="264" y="-192"/><nail x="320" y="-184"/></transition><transition><source ref="id2"/><target ref="id1"/><label kind="guard" x="112" y="40">(x&gt;=0&amp;&amp;x&lt;50)&amp;&amp;
(eyedetected == false)</label><label kind="assignment" x="112" y="72">cl++</label><nail x="88" y="72"/></transition><transition><source ref="id0"/><target ref="id4"/><label kind="guard" x="184" y="112">x&gt;50</label><label kind="assignment" x="184" y="128">cl:=0</label><nail x="-80" y="224"/></transition><transition><source ref="id1"/><target ref="id0"/><label kind="guard" x="352" y="-80">x&gt;50&amp;&amp;cl&gt;10</label></transition><transition><source ref="id3"/><target ref="id2"/><label kind="guard" x="-168" y="-32">(x&gt;=0&amp;&amp;x&lt;50)&amp;&amp;
(eyedetected == true)</label></transition><transition><source ref="id4"/><target ref="id3"/><label kind="guard" x="-272" y="-114">eyedetected == true</label><label kind="assignment" x="-272" y="-96">x:=0</label></transition></template><template><name>camera1</name><location id="id5" x="-640" y="-168"><name x="-656" y="-208">Idle</name></location><init ref="id5"/><transition><source ref="id5"/><target ref="id5"/><label kind="synchronisation" x="-688" y="-88">eyenotdetect?</label><label kind="assignment" x="-704" y="-64">eyedetected=false</label><nail x="-704" y="-96"/><nail x="-592" y="-96"/></transition></template><template><name>open_state</name><location id="id6" x="-824" y="-304"></location><init ref="id6"/><transition><source ref="id6"/><target ref="id6"/><label kind="guard" x="-904" y="-456">(x&gt;=0&amp;&amp;x&lt;20)&amp;&amp;
(eyedetected == true)</label><label kind="synchronisation" x="-872" y="-400">eyedetect?</label><nail x="-896" y="-400"/><nail x="-776" y="-408"/></transition></template><template><name>close_state</name><location id="id7" x="-808" y="-288"></location><init ref="id7"/><transition><source ref="id7"/><target ref="id7"/><label kind="guard" x="-872" y="-416">(x&gt;=0&amp;&amp;x&lt;20)&amp;&amp;
(eyedetected == false)</label><label kind="synchronisation" x="-848" y="-368">eyenotdetect?</label><nail x="-872" y="-368"/><nail x="-768" y="-376"/></transition></template><template><name>camera2</name><location id="id8" x="-408" y="-120"><name x="-418" y="-150">Idle</name></location><init ref="id8"/><transition><source ref="id8"/><target ref="id8"/><label kind="synchronisation" x="-448" y="-208">eyedetect?</label><label kind="assignment" x="-488" y="-248">eyedetected = true</label><nail x="-472" y="-216"/><nail x="-368" y="-216"/></transition></template><system>
system eyedetection;</system></nta>